id;status;created_on;created_by;updated_on;updated_by;notes
1;Books Toys;2022-05-09T15:45:34;quantify Bacon portals;2022-05-09T17:36:06;Fantastic Fresh;Idaho
2;Lats metrics XSS;2022-05-09T08:14:14;Rubber;2022-05-09T14:01:16;Advanced compressing;Upgradable deliverables
3;South copying Incredible;2022-05-09T07:18:56;Metal;2022-05-10T03:07:20;back;index
4;project Unbranded;2022-05-09T13:19:55;Sweden;2022-05-09T10:12:40;Oval;Practical Account
5;indigo;2022-05-09T16:06:51;info-mediaries Lari EXE;2022-05-09T15:35:49;Beauty paradigms Central;Account alliance
6;Avon;2022-05-10T05:55:45;Avon;2022-05-09T23:38:41;multi-byte neural Chief;Delaware Shirt
7;distributed;2022-05-09T21:56:13;digital;2022-05-09T14:28:02;Tasty Human XSS;visionary
8;Chair;2022-05-09T19:50:09;Assurance;2022-05-10T02:47:20;Executive navigate;supply-chains SMS
9;Franc;2022-05-09T15:02:04;Officer human-resource Marketing;2022-05-09T23:41:44;Kids Ruble;Cloned deposit
10;Keyboard payment;2022-05-09T20:49:17;reboot Exclusive;2022-05-09T22:54:19;Cliffs generating;deposit
